{
  "num_matched_queries": 891,
  "rotation_diff_degs": {
    "min": 6.867702910540174e-05,
    "max": 358.4572018651042,
    "mean": 9.68637834705592
  },
  "translation_diff": {
    "min": 0.003010253719315429,
    "max": 354.5481697680469,
    "mean": 0.9939232460494676
  }
}